,Permno,Ticker,B/P,Mktcap,Ret
0,1,AA,0.5555555555555556,7.85,0.42
1,2,AAC,0.7692307692307692,1.23,0.0072
2,3,AAPL,0.027419797093501508,2416.3,0.06
4,5,AAWW,1.4285714285714286,1.86,0.0626
5,6,ABBV,0.061387354205033766,259.13,0.2973
6,7,ABC,0.018378974453225512,29.4,0.2708
8,9,ABTX,0.8928571428571428,814.32,0.1916
9,10,AC,1.1111111111111112,815.51,0.0129
10,11,ACC,0.341296928327645,9.06,0.3348
11,12,ACEL,0.1594896331738437,1.01,0.0209
12,13,ACET,0.4504504504504504,660.58,1.1596
13,14,ACEV,0.30120481927710846,141.71,0.031400000000000004
14,15,ACGL,0.7352941176470588,16.23,0.1917
15,16,ACHC,0.3731343283582089,6.78,0.32380000000000003
16,17,ACI,0.23640661938534277,14.28,0.2889
17,18,ACII,0.8064516129032259,423.97,0.0072
19,20,ACLS,0.27624309392265195,1.95,0.7863
20,21,ACM,0.27027027027027023,9.22,0.1294
21,22,ACNB,0.9259259259259258,265.75,0.1487
22,23,ACRS,0.18181818181818182,1.07,0.13449999999999998
23,24,ADC,0.6451612903225806,5.63,0.0471
24,25,ADER,0.7462686567164178,338.37,0.016
25,26,ADEX,0.7633587786259541,339.48,0.0176
26,27,ADI,0.44052863436123346,81.45,0.0155
27,28,ADM,0.5681818181818182,41.37,0.2851
28,29,ADMA,0.29940119760479045,411.26,0.4
29,30,ADP,0.04580852038479157,90.21,0.08560000000000001
30,31,ADTN,0.3205128205128205,1.64,0.16469999999999999
31,32,ADUS,0.40322580645161293,1.45,0.1211
32,33,AE,1.2048192771084338,138.53,0.2095
33,34,AEAC,0.7299270072992701,295.01,0.0165
34,35,AEE,0.44052863436123346,22.15,0.0296
35,36,AEG,2.7027027027027026,8.76,0.07629999999999999
36,37,AEHR,0.17825311942959002,241.96,0.4397
37,38,AEL,1.4705882352941175,3.32,0.2047
38,39,AEP,0.5025125628140703,47.58,0.09119999999999999
39,40,AFBI,1.1627906976744187,97.78,0.1286
40,41,AFG,0.42372881355932207,11.37,0.3165
41,42,AFL,0.8264462809917356,34.85,0.063
42,43,AFRI,0.7194244604316548,283.78,0.046
43,44,AGM,0.6535947712418301,1.06,0.0495
44,45,AGO,1.5625,3.53,0.24170000000000003
45,46,AGTI,0.33444816053511706,2.71,0.1401
46,47,AHH,0.5,1.14,0.0461
47,48,AIG,1.3157894736842106,39.63,0.1516
48,49,AIN,0.32894736842105265,2.55,0.039900000000000005
49,50,AIR,0.6535947712418301,1.55,0.2905
51,52,AIT,0.3048780487804878,3.57,0.10310000000000001
52,53,AIV,0.4694835680751174,1.08,0.1131
53,54,AIZ,0.53475935828877,9.13,0.111
54,55,AJG,0.25839793281653745,34.34,0.2187
55,56,ALB,0.23529411764705882,24.27,0.18780000000000002
56,57,ALC,0.5464480874316939,35.51,0.06280000000000001
57,58,ALCO,0.9900990099009901,265.82,0.012
58,59,ALEX,0.819672131147541,1.28,0.005600000000000001
59,60,ALJJ,0.0048543689320388345,86.95,0.5489
60,61,ALKS,0.2222222222222222,4.84,0.2734
61,62,ALPN,0.4166666666666667,273.15,0.0815
62,63,ALT,0.3731343283582089,484.99,0.2242
63,64,ALTU,0.7518796992481203,372.75,0.0143
64,65,AM,0.47619047619047616,4.76,0.0574
65,66,AMAL,0.8547008547008548,645.86,0.41119999999999995
66,67,AMCR,0.23809523809523808,18.84,0.12269999999999999
67,68,AMGN,0.006752194463200541,130.47,0.0024
70,71,AMN,0.18761726078799248,5.48,0.299
71,72,AMNB,0.8771929824561404,371.66,0.19579999999999997
72,73,AMPH,0.2717391304347826,1.72,0.8301999999999999
74,75,AMR,0.3484320557491289,2.56,5.3118
75,76,AMRK,0.6289308176100629,687.26,0.44310000000000005
76,77,AMTB,0.7352941176470588,972.84,0.41659999999999997
78,79,AMX,0.3048780487804878,61.06,0.2182
80,81,AN,0.303951367781155,7.06,0.1674
81,82,ANDE,1.0101010101010102,1.04,0.23
82,83,ANET,0.1287001287001287,31.47,0.15710000000000002
83,84,AON,0.01984126984126984,57.9,0.21559999999999999
84,85,AOSL,0.8264462809917356,977.9,0.488
86,87,APGB,0.7633587786259541,844.84,0.002
87,88,APH,0.15873015873015872,39.55,0.0039000000000000003
88,89,APLE,0.8695652173913044,3.59,0.13699999999999998
89,90,APOG,0.36496350364963503,870.87,0.12029999999999999
90,91,AQUA,0.15360983102918588,4.11,0.1124
91,92,AR,0.5,10.56,1.7815
92,93,ARC,1.4084507042253522,112.07,0.295
93,94,ARCB,0.5,1.89,0.48450000000000004
94,95,ARCH,0.4098360655737705,2.56,1.7159
95,96,ARCO,0.17006802721088435,1.34,0.2091
96,97,ARES,0.15503875968992248,17.55,0.0197
97,98,ARGX,0.15408320493066255,20.04,0.19030000000000002
98,99,ARKO,0.2114164904862579,1.1,0.1293
99,100,ARKR,0.7874015748031495,69.07,0.1418
100,101,ARL,1.0869565217391304,222.6,0.3447
101,102,ARLO,0.18726591760299627,587.72,0.1384
102,103,ARLP,0.4629629629629629,2.6,2.0366
103,104,ARMP,0.5376344086021505,144.37,0.034
104,105,AROC,0.6993006993006994,1.26,0.0315
105,106,ARTNA,0.3717472118959108,474.72,0.3483
106,107,ARW,0.6756756756756757,7.78,0.07919999999999999
107,108,ASB,1.3157894736842106,2.78,0.0334
108,109,ASC,1.0416666666666667,269.9,1.2893999999999999
109,110,ASGN,0.38759689922480617,4.7,0.0016
110,111,ASH,0.591715976331361,5.46,0.21100000000000002
111,112,ASIX,0.6578947368421053,978.34,0.2589
112,113,ASLE,0.49751243781094534,859.37,0.4351
113,114,ASO,0.425531914893617,3.41,0.1753
115,116,ASR,0.33003300330033003,5.65,0.1241
116,117,ASRT,0.8064516129032259,138.04,1.4677
117,118,ASRV,1.7241379310344829,65.91,0.0322
118,119,ASZ,0.6756756756756757,1.93,0.0031
119,120,ATEN,0.17574692442882248,1.01,0.2833
120,121,ATGE,0.7692307692307692,1.73,0.132
121,122,ATI,0.21691973969631234,2.95,0.2606
122,123,ATKR,0.2570694087403599,3.71,0.3276
123,124,ATLC,0.45248868778280543,612.16,0.023
125,126,ATNI,0.819672131147541,707.93,0.057800000000000004
126,127,ATO,0.5780346820809249,15.64,0.1467
127,128,ATRI,0.21231422505307856,1.13,0.0571
128,129,ATSG,0.6172839506172839,2.18,0.37329999999999997
129,130,AUB,0.9523809523809523,2.51,0.0102
131,132,AUY,0.9615384615384615,4.68,0.1675
132,133,AVAN,0.7575757575757576,745.18,0.022099999999999998
133,134,AVD,0.5813953488372093,659.4,0.3471
134,135,AVEO,0.16181229773462785,231.22,0.23550000000000001
135,136,AVGO,0.10090817356205853,201.46,0.09300000000000001
136,137,AVT,0.970873786407767,4.32,0.1637
137,138,AVTE,0.4081632653061224,376.61,0.10400000000000001
139,140,AXNX,0.16155088852988692,2.95,0.0728
140,141,AXR,1.1235955056179776,84.71,0.0757
141,142,AXS,1.0101010101010102,4.56,0.0983
142,143,AYI,0.32679738562091504,5.55,0.0653
143,144,AZN,0.17211703958691912,200.87,0.20679999999999998
145,146,AZPN,0.06506180871828238,11.8,0.24789999999999998
146,147,BAH,0.0851063829787234,12.25,0.053899999999999997
148,149,BANC,0.8620689655172414,1.1,0.1573
149,150,BANF,0.38910505836575876,2.93,0.6567000000000001
150,151,BANR,0.7751937984496123,1.97,0.1875
151,152,BAP,0.684931506849315,12.0,0.0861
152,153,BATRA,0.19342359767891684,27.79,0.0209
153,154,BATRK,0.21231422505307856,1.11,0.0101
154,155,BBSI,0.32679738562091504,552.6,0.1018
155,156,BBW,0.38167938931297707,252.85,0.18789999999999998
156,157,BCAC,0.7352941176470588,68.75,0.0366
157,158,BCBP,0.8264462809917356,293.96,0.3436
158,159,BCC,0.6578947368421053,2.51,0.4275
160,161,BCE,0.33222591362126247,45.0,0.018799999999999997
161,162,BCH,0.42016806722689076,8.86,0.0262
164,165,BCML,1.2345679012345678,274.56,0.1954
165,166,BCOR,0.37735849056603776,876.57,0.19649999999999998
166,167,BCPC,0.20920502092050208,4.14,0.0089
167,168,BCTX,0.5780346820809249,98.98,0.37920000000000004
169,170,BDC,0.3424657534246575,2.61,0.3325
170,171,BECN,0.4444444444444444,3.87,0.11130000000000001
172,173,BELFB,0.8928571428571428,184.9,0.4416
173,174,BENE,0.6172839506172839,142.14,0.0381
174,175,BF-A,0.08741258741258742,11.83,0.0526
175,176,BF-B,0.08,34.05,0.0121
176,177,BFS,0.19011406844106465,1.13,0.1421
177,178,BG,0.6711409395973155,13.53,0.2198
178,179,BGI,0.047528517110266164,94.08,1.0868
179,180,BGR,0.9523809523809523,312.04,0.2762
180,181,BGSF,0.7194244604316548,126.65,0.0331
181,182,BHB,0.9803921568627451,402.81,0.0194
182,183,BHF,4.0,3.03,0.0279
183,184,BHR,1.2658227848101264,362.03,0.0097
185,186,BIP,0.4854368932038835,24.52,0.0406
187,188,BITE,0.7936507936507936,252.3,0.0176
188,189,BJ,0.0778816199376947,9.36,0.44670000000000004
189,190,BKEP,2.0408163265306123,191.07,0.4462
190,191,BKH,0.6134969325153374,4.64,0.0924
191,192,BKR,0.6172839506172839,28.56,0.4361
192,193,BLDR,0.4444444444444444,11.12,0.6153
193,194,BLTS,0.7299270072992701,284.06,0.0175
194,195,BLU,0.27932960893854747,1.0,2.2787
195,196,BMO,0.7518796992481203,64.64,0.0033
196,197,BMRC,0.8,515.93,0.045700000000000005
197,198,BMRN,0.2770083102493075,15.86,0.0929
198,199,BMY,0.2012072434607646,152.34,0.10220000000000001
200,201,BOAC,1.8867924528301885,753.29,0.0143
201,202,BOAS,0.7751937984496123,282.33,0.0134
203,204,BORR,2.4390243902439024,385.81,0.9054000000000001
206,207,BP,0.6944444444444444,87.0,0.2152
207,208,BPOP,0.7462686567164178,5.92,0.15289999999999998
208,209,BPT,0.014841199168892847,364.42,3.5864
209,210,BRDG,0.2304147465437788,1.68,0.0079
210,211,BREZ,0.7407407407407407,150.54,0.0269
211,212,BRG,0.002669727954721414,777.16,1.3729
212,213,BRK-A,0.8130081300813008,616.41,0.035699999999999996
213,214,BRK-B,inf,689.03,0.039900000000000005
214,215,BRLI,0.6097560975609756,57.59,0.0215
215,216,BRN,0.6329113924050632,24.84,0.20379999999999998
216,217,BRO,0.2570694087403599,16.88,0.1553
217,218,BRPM,0.5714285714285714,275.63,0.32880000000000004
218,219,BRT,0.5263157894736842,419.28,0.3381
219,220,BRX,0.4310344827586207,6.24,0.005600000000000001
220,221,BRY,1.0416666666666667,583.42,0.385
221,222,BSBK,0.9433962264150942,162.54,0.10439999999999999
222,223,BSET,0.8771929824561404,208.8,0.0601
223,224,BSM,0.23094688221709006,2.93,0.45899999999999996
224,225,BSVN,0.6329113924050632,195.2,0.2506
226,227,BTI,0.819672131147541,92.25,0.12
227,228,BTU,0.6289308176100629,3.07,1.4419
228,229,BTWN,0.7575757575757576,738.59,0.008100000000000001
230,231,BUSE,0.9090909090909091,1.29,0.059000000000000004
231,232,BVH,0.4629629629629629,524.95,0.655
232,233,BW,0.030432136335970784,611.0,0.023700000000000002
233,234,BWAC,0.7575757575757576,108.77,0.032
234,235,BWB,0.6622516556291391,452.52,0.0581
235,236,BWFG,0.8547008547008548,244.45,0.17170000000000002
236,237,BXC,0.6666666666666666,718.58,1.0316
237,238,BY,0.8771929824561404,880.27,0.09609999999999999
238,239,BYD,0.25380710659898476,5.69,0.0554
240,241,CAAP,0.5780346820809249,856.98,0.0393
241,242,CAC,0.7352941176470588,636.14,0.009300000000000001
242,243,CACC,0.21052631578947367,6.96,0.1865
243,244,CACI,0.4444444444444444,6.59,0.0907
244,245,CAL,0.35211267605633806,999.72,0.23579999999999998
245,246,CALM,0.40322580645161293,2.57,0.5042
246,247,CALX,0.21645021645021645,2.67,0.0026
248,249,CAPL,0.06510416666666667,761.02,0.1115
249,250,CAPR,0.2192982456140351,107.27,0.011000000000000001
251,252,CARE,1.075268817204301,377.6,0.3299
252,253,CASY,0.30303030303030304,7.28,0.030699999999999998
253,254,CATC,0.7575757575757576,560.25,0.0011
254,255,CATY,0.7874015748031495,2.98,0.1388
255,256,CB,0.7194244604316548,78.32,0.155
256,257,CBFV,1.0204081632653061,118.94,0.0471
257,258,CBNK,0.6666666666666666,296.49,0.1093
258,259,CBOE,0.2747252747252747,12.83,0.0545
259,260,CBT,0.24038461538461536,3.74,0.3014
260,261,CBTX,0.7633587786259541,688.09,0.0875
261,262,CBZ,0.3508771929824561,2.15,0.33659999999999995
262,263,CC,0.2150537634408602,5.18,0.0968
263,264,CCB,0.4081632653061224,490.38,0.4335
264,265,CCBG,0.7142857142857143,516.39,0.32909999999999995
265,266,CCJ,0.3952569169960475,9.42,0.4395
266,267,CCNE,0.8849557522123894,404.25,0.09759999999999999
268,269,CCRN,0.33444816053511706,1.05,0.8731
269,270,CCXI,0.15503875968992248,1.66,0.5061
271,272,CDEV,1.5625,1.72,0.1886
273,274,CDNS,0.06269592476489029,43.71,0.17329999999999998
274,275,CDR,0.7299270072992701,393.58,0.8305
275,276,CEIX,0.341296928327645,1.92,2.2382
276,277,CELH,0.04032258064516129,5.26,0.20879999999999999
279,280,CEPU,inf,468.78,0.32770000000000005
280,281,CEQP,0.6024096385542169,2.48,0.005
281,282,CERE,0.1277139208173691,4.08,0.28850000000000003
282,283,CERS,0.0819672131147541,959.25,0.1379
283,284,CF,0.22075055187637968,17.29,0.8906000000000001
284,285,CFB,0.9433962264150942,632.12,0.0038
285,286,CFBK,0.9615384615384615,107.81,0.0661
286,287,CFIV,0.78125,626.45,0.0123
287,288,CFR,0.4608294930875576,7.64,0.2188
288,289,CFVI,0.684931506849315,387.37,0.032799999999999996
290,291,CGBD,1.2987012987012987,682.38,0.025
292,293,CHCO,0.5128205128205129,1.21,0.1338
293,294,CHD,0.14903129657228018,22.9,0.07519999999999999
294,295,CHDN,0.03947887879984209,7.8,0.1861
295,296,CHE,0.08896797153024912,7.39,0.0695
296,297,CHEF,0.24813895781637715,1.4,0.45799999999999996
297,298,CHH,0.04844961240310077,6.47,0.0408
298,299,CHK,0.5025125628140703,10.71,0.8813
299,300,CHKP,0.19801980198019803,15.82,0.023700000000000002
300,301,CHMG,0.8771929824561404,212.18,0.0085
301,302,CHNG,0.42372881355932207,7.45,0.0626
302,303,CHRD,0.6578947368421053,4.81,0.6379
303,304,CHRW,0.1592356687898089,12.47,0.08380000000000001
304,305,CHT,11.11111111111111,31.65,0.005699999999999999
305,306,CI,0.5263157894736842,84.2,0.20629999999999998
306,307,CIG,0.8771929824561404,5.04,0.2164
307,308,CIGI,0.0998003992015968,5.15,0.0782
308,309,CIO,1.3333333333333333,562.67,0.1093
309,310,CIVI,1.0416666666666667,4.35,0.43979999999999997
310,311,CIX,0.3676470588235294,5.48,0.0706
311,312,CKX,0.7692307692307692,21.53,0.2198
312,313,CLAS,0.7751937984496123,318.65,0.0113
313,314,CLBK,0.4566210045662101,2.4,0.26890000000000003
315,316,CLDT,1.3513513513513513,565.0,0.0305
316,317,CLFD,0.11441647597254004,1.06,1.3196
317,318,CLH,0.3246753246753247,4.83,0.005
319,320,CLPR,0.15479876160990713,135.29,0.07719999999999999
320,321,CLR,0.33222591362126247,24.03,1.0687
321,322,CLS,1.2048192771084338,1.24,0.4251
322,323,CLW,0.8849557522123894,594.28,0.266
323,324,CMA,0.6493506493506493,9.75,0.22649999999999998
324,325,CMC,0.7246376811594204,4.2,0.2082
326,327,CME,0.3787878787878788,72.38,0.0026
327,328,CMRE,1.2658227848101264,1.4,0.21309999999999998
328,329,CMS,0.35335689045936397,18.73,0.0571
329,330,CNA,0.9259259259259258,11.54,0.0435
330,331,CNC,0.5102040816326531,51.11,0.2799
331,332,CNCE,0.4310344827586207,230.91,0.43920000000000003
332,333,CNI,0.2066115702479339,79.99,0.1375
333,334,CNK,0.12903225806451613,2.21,0.247
334,335,CNOB,1.0526315789473684,953.81,0.011000000000000001
335,336,CNP,0.49019607843137253,18.42,0.1962
336,337,CNQ,0.5025125628140703,58.15,0.6286
337,338,CNR,0.4347826086956522,3.13,0.5794
338,339,CNVY,0.7042253521126761,766.3,0.32780000000000004
339,340,CNX,0.7142857142857143,3.38,0.44409999999999994
340,341,CNXN,0.5882352941176471,1.18,0.0929
341,342,COGT,0.2150537634408602,1.05,0.8154
342,343,COKE,0.2159827213822894,4.87,0.2482
343,344,COLI,0.7751937984496123,423.2,0.0103
347,348,CONX,0.7633587786259541,928.94,0.011699999999999999
348,349,COOL,0.7692307692307692,493.71,0.018600000000000002
349,350,COOP,1.3513513513513513,2.9,0.22210000000000002
350,351,COP,0.4273504273504274,112.68,0.67
352,353,CORT,0.1383125864453665,2.97,0.3543
353,354,COST,0.08650519031141868,225.59,0.2561
356,357,CP,0.49504950495049505,89.75,0.0432
357,358,CPB,0.23255813953488372,14.65,0.0547
358,359,CPE,0.7352941176470588,2.53,0.0892
359,360,CPG,1.5384615384615383,5.4,1.3113
360,361,CPHC,0.5780346820809249,112.66,0.6859999999999999
361,362,CPK,0.35587188612099646,2.24,0.0741
362,363,CPLP,2.0408163265306123,257.83,0.2477
363,364,CPRX,0.2293577981651376,942.25,0.6643000000000001
364,365,CPSI,0.49504950495049505,468.87,0.0444
365,366,CPSS,0.7692307692307692,225.81,1.3915
366,367,CPUH,0.7692307692307692,1.06,0.0124
368,369,CR,0.32573289902280134,5.1,0.0661
369,370,CRAI,0.3076923076923077,662.37,0.1442
371,372,CRC,0.4444444444444444,3.14,0.6254
372,373,CRGE,0.06357279084551812,643.98,0.0029
373,374,CRHC,0.7299270072992701,1.03,0.0143
374,375,CRK,0.29940119760479045,2.91,1.3066
375,376,CRNX,0.3125,1.1,0.045700000000000005
376,377,CRT,0.031084861672365557,100.57,0.6418
377,378,CRU,0.7575757575757576,318.25,0.0176
378,379,CRVL,0.07905138339920949,2.61,0.15039999999999998
379,380,CSGS,0.2114164904862579,1.97,0.3608
380,381,CSL,0.1953125,13.36,0.3759
381,382,CSTR,0.8130081300813008,434.08,0.021099999999999997
382,383,CSV,0.19157088122605365,595.68,0.17190000000000003
383,384,CTAQ,0.7575757575757576,506.03,0.0175
384,385,CTAS,0.08237232289950576,39.45,0.021400000000000002
385,386,CTBI,0.8849557522123894,726.93,0.0677
387,388,CTO,1.1363636363636365,377.97,0.2152
389,390,CTRA,0.5154639175257733,22.16,0.9173
390,391,CTS,0.4115226337448559,1.13,0.0818
391,392,CTSH,0.3389830508474576,34.39,0.0144
392,393,CTVA,0.6578947368421053,38.51,0.313
393,394,CUBI,0.9803921568627451,1.19,0.0956
394,395,CVBF,0.5747126436781609,3.47,0.303
395,396,CVCO,0.3952569169960475,2.02,0.0818
396,397,CVE,0.5263157894736842,34.09,1.2712999999999999
397,398,CVEO,0.819672131147541,368.28,0.38880000000000003
398,399,CVI,0.2061855670103093,3.01,1.4037
399,400,CVII,0.7692307692307692,1.69,0.0040999999999999995
400,401,CVLG,0.7407407407407407,449.59,0.5644
401,402,CVLY,0.8474576271186441,214.09,0.0174
402,403,CVR,1.075268817204301,27.07,0.0698
403,404,CVS,0.5813953488372093,123.54,0.1998
404,405,CVV,1.0,28.55,0.0317
405,406,CVX,0.5235602094240838,280.6,0.507
406,407,CW,0.35714285714285715,5.14,0.2004
407,408,CWBC,0.8620689655172414,121.38,0.060599999999999994
408,409,CWCO,0.7092198581560284,219.44,0.2064
409,410,CWEN,0.4484304932735426,2.78,0.32189999999999996
410,411,CWEN-A,0.47846889952153115,6.61,0.2809
411,412,CWST,0.11428571428571428,3.83,0.1499
412,413,CXW,1.0204081632653061,1.34,0.1822
413,414,CYAN,1.0638297872340425,17.91,0.045899999999999996
414,415,CYBR,0.12315270935960593,5.46,0.0005
415,416,CYTK,0.03427004797806717,3.99,0.4807
416,417,CYXT,0.32573289902280134,2.08,0.31
417,418,D,0.4081632653061224,62.76,0.0253
418,419,DAC,1.7543859649122808,1.29,0.042699999999999995
422,423,DBI,0.390625,1.01,0.0756
426,427,DCOM,0.8620689655172414,1.19,0.0379
427,428,DCP,0.7692307692307692,6.42,0.22699999999999998
428,429,DDS,0.3831417624521073,3.7,0.3615
430,431,DFIN,0.33670033670033667,990.74,0.0472
431,432,DG,0.10638297872340426,56.65,0.094
432,433,DGICA,1.0204081632653061,515.75,0.0711
433,434,DGII,0.5235602094240838,894.71,0.38420000000000004
434,435,DGX,0.3921568627450981,15.73,0.003
436,437,DHIL,0.3076923076923077,573.71,0.2586
438,439,DHT,0.9009009009009008,1.11,0.2018
439,440,DHX,0.47393364928909953,234.65,0.5029
441,442,DINO,1.0101010101010102,9.92,0.6709
442,443,DIT,0.7462686567164178,113.86,0.3454
446,447,DK,0.47846889952153115,1.62,0.5193
448,449,DKS,0.31347962382445144,7.27,0.0102
449,450,DLCA,0.7692307692307692,254.82,0.0239
450,451,DLHC,0.4098360655737705,192.27,0.47979999999999995
452,453,DLNG,2.2222222222222223,174.73,0.1333
453,454,DLTR,0.2150537634408602,38.4,0.7368000000000001
454,455,DMLP,0.16260162601626016,982.31,0.7145999999999999
455,456,DNN,0.3623188405797102,962.58,0.2541
456,457,DNOW,0.6622516556291391,1.1,0.1598
457,458,DNP,0.8620689655172414,3.77,0.0478
460,461,DORM,0.2610966057441253,3.58,0.1259
461,462,DOX,0.3436426116838488,10.33,0.10980000000000001
462,463,DQ,0.4310344827586207,5.28,0.048499999999999995
463,464,DRE,0.27624309392265195,22.07,0.1736
464,465,DRH,0.8064516129032259,1.84,0.0471
465,466,DRTS,0.6944444444444444,697.69,0.0746
466,467,DRVN,0.3484320557491289,4.82,0.0434
467,468,DSAC,0.6993006993006994,218.04,0.028900000000000002
468,469,DSGN,0.3333333333333333,1.05,0.11359999999999999
469,470,DSKE,0.30959752321981426,425.76,0.1067
470,471,DSX,1.0638297872340425,408.41,0.3533
472,473,DTE,0.37037037037037035,23.91,0.0895
473,474,DTM,0.8,4.76,0.23309999999999997
474,475,DUK,0.5847953216374269,80.89,0.0159
476,477,DVAX,0.15873015873015872,1.78,0.585
477,478,DVN,0.24813895781637715,36.83,1.3643
479,480,DWIN,0.7299270072992701,259.19,0.0297
483,484,DXLG,0.25,246.0,0.22899999999999998
484,485,DXPE,0.6097560975609756,578.8,0.0521
485,486,DXR,0.2808988764044944,51.63,0.3128
486,487,DY,0.25510204081632654,2.99,0.5688
488,489,E,1.1627906976744187,40.78,0.039900000000000005
489,490,EBC,0.9259259259259258,3.4,0.0453
490,491,EBF,0.5649717514124294,539.45,0.0768
492,493,ECPG,0.7692307692307692,1.57,0.4322
493,494,ED,0.625,32.48,0.2501
494,495,EDAP,0.2127659574468085,235.19,0.2332
495,496,EDN,3.3333333333333335,225.13,0.0355
498,499,EFSC,0.8695652173913044,1.54,0.0054
501,502,EGLE,1.0416666666666667,665.64,0.35119999999999996
502,503,EGY,0.5,310.41,1.2373
504,505,EIG,0.970873786407767,1.12,0.0242
505,506,EIGR,0.3246753246753247,372.2,0.07200000000000001
507,508,EIX,0.5847953216374269,23.39,0.09699999999999999
508,509,ELA,0.14306151645207438,215.4,1.0551000000000001
509,510,ELF,0.18761726078799248,1.65,0.29969999999999997
510,511,ELP,0.24630541871921185,3.33,0.1416
511,512,ELSE,0.6622516556291391,19.91,0.0924
512,513,ELV,0.29940119760479045,114.4,0.2939
513,514,EMCF,0.9174311926605504,89.49,0.22940000000000002
516,517,ENB,0.47619047619047616,87.28,0.14150000000000001
518,519,ENLC,0.2849002849002849,4.37,0.7726999999999999
519,520,ENPH,0.011531365313653136,29.1,0.2908
520,521,ENSV,0.25,21.45,0.45740000000000003
521,522,ENTA,0.3424657534246575,1.03,0.2078
522,523,ENVA,0.9900990099009901,1.04,0.0709
523,524,EOG,0.35714285714285715,59.34,0.5413
524,525,EOLS,0.09285051067780874,725.12,0.2304
525,526,EP,0.07751937984496124,177.71,0.2754
526,527,EPD,0.4629629629629629,55.01,0.0897
527,528,EPHY,0.7575757575757576,502.45,0.0113
528,529,EPM,0.33444816053511706,195.06,0.4213
529,530,EPR,0.6666666666666666,3.79,0.049100000000000005
530,531,EPSN,0.5813953488372093,139.34,0.1825
532,533,EPWR,0.7692307692307692,341.16,0.0040999999999999995
533,534,EQBK,0.9009009009009008,474.05,0.0622
534,535,EQC,0.9009009009009008,3.08,0.0311
535,536,EQNR,0.38910505836575876,106.79,0.8356999999999999
536,537,EQS,1.25,29.06,0.114
537,538,EQT,0.5586592178770949,14.27,1.0819
538,539,ERF,0.18450184501845018,3.13,1.2856999999999998
539,540,ERIE,0.13333333333333333,8.76,0.0489
540,541,ERII,0.1597444089456869,1.11,0.0158
542,543,ESEA,0.6329113924050632,166.52,0.2968
543,544,ESLT,0.24630541871921185,10.22,0.8740000000000001
544,545,ESQ,0.5434782608695652,272.03,0.5074000000000001
545,546,ESSA,1.282051282051282,179.54,0.0415
546,547,ESSC,0.3460207612456747,73.35,0.011899999999999999
547,548,ESTE,0.9523809523809523,1.73,0.3652
548,549,ET,0.8064516129032259,31.66,0.12029999999999999
549,550,ETAC,0.7518796992481203,762.76,0.0256
550,551,ETB,0.9615384615384615,455.51,0.0104
551,552,ETR,0.5235602094240838,22.34,0.08470000000000001
554,555,EURN,0.7575757575757576,2.68,0.6036
555,556,EVA,0.1347708894878706,4.04,0.2104
556,557,EVH,0.21008403361344538,2.93,0.5079
557,558,EVRG,0.625,14.72,0.0039000000000000003
558,559,EWBC,0.5747126436781609,9.52,0.052300000000000006
560,561,EXC,0.5494505494505494,42.76,0.35229999999999995
561,562,EXEL,0.32894736842105265,7.01,0.33990000000000004
562,563,EXLS,0.14245014245014245,4.78,0.3832
563,564,EXPO,0.07880220646178093,4.74,0.0276
564,565,EXR,0.1388888888888889,22.83,0.0216
565,566,EXTR,0.07168458781362008,1.34,0.10880000000000001
566,567,EYPT,0.4366812227074236,287.84,0.3096
567,568,EZPW,1.5873015873015872,418.62,0.3003
569,570,FANG,0.6172839506172839,20.22,0.6215999999999999
571,572,FBIZ,0.8928571428571428,260.99,0.2278
572,573,FBK,0.7194244604316548,1.84,0.1294
573,574,FBP,0.625,2.73,0.3057
574,575,FC,0.10482180293501049,692.59,0.4518
575,576,FCAX,0.7692307692307692,493.5,0.0051
576,577,FCBC,0.8264462809917356,495.14,0.0771
577,578,FCF,0.8130081300813008,1.28,0.0692
579,580,FCN,0.2577319587628866,6.43,0.3822
580,581,FCUV,0.020863759649488837,588.74,3.4733
582,583,FDS,0.08361204013377926,15.05,0.18530000000000002
583,584,FDUS,0.9900990099009901,453.56,0.154
584,585,FE,0.4048582995951417,21.58,0.014499999999999999
585,586,FEDU,2.5,29.09,12.966
587,588,FEN,0.9174311926605504,310.94,0.1714
588,589,FENC,0.07315288953913679,165.25,0.0031
590,591,FFBW,1.1904761904761905,75.43,0.058899999999999994
591,592,FFIC,0.9900990099009901,648.24,0.053399999999999996
592,593,FGBI,0.7194244604316548,258.41,0.4719
593,594,FHI,0.3546099290780142,3.03,0.0692
594,595,FHN,0.6329113924050632,11.42,0.46240000000000003
595,596,FHTX,0.11695906432748537,585.24,0.5714
598,599,FINM,0.7692307692307692,509.17,0.018600000000000002
600,601,FITB,0.7575757575757576,22.71,0.0012
601,602,FIX,0.273972602739726,3.16,0.2279
602,603,FIZZ,0.05443658138268916,4.46,0.15
603,604,FLME,0.8,352.57,0.0187
604,605,FLNG,0.5681818181818182,1.52,1.1817
605,606,FLO,0.25510204081632654,5.73,0.1059
606,607,FLR,0.4166666666666667,3.41,0.5996
607,608,FMAO,0.7042253521126761,401.27,0.43700000000000006
608,609,FMC,0.2336448598130841,12.96,0.0067
610,611,FMNB,0.7692307692307692,502.95,0.0161
611,612,FNB,1.3513513513513513,3.91,0.0504
612,613,FNCB,0.9009009009009008,154.28,0.062
614,615,FNKO,0.35587188612099646,1.18,0.3608
615,616,FNLC,0.7092198581560284,322.02,0.0748
616,617,FOLD,0.07524454477050414,3.14,0.1722
617,618,FORM,0.2785515320334262,2.94,0.1446
618,619,FORR,0.22573363431151244,869.98,0.044199999999999996
619,620,FORTY,0.3389830508474576,1.53,0.1573
620,621,FPI,0.7751937984496123,687.12,0.15869999999999998
622,623,FRBA,0.970873786407767,270.13,0.08039999999999999
623,624,FRG,0.5494505494505494,1.3,0.0165
624,625,FRO,0.8695652173913044,1.99,0.22899999999999998
625,626,FRPH,0.6993006993006994,571.93,0.0495
626,627,FSK,1.2987012987012987,5.93,0.0068000000000000005
627,628,FSSI,0.7633587786259541,318.91,0.0144
632,633,FTNT,0.004560795402718234,45.48,0.1534
633,634,FTS,0.8,29.44,0.052199999999999996
636,637,FULT,0.9900990099009901,2.31,0.0077
638,639,FUNC,1.1904761904761905,116.67,0.0613
640,641,FWONA,0.47619047619047616,27.57,0.38280000000000003
641,642,FWONK,0.45248868778280543,12.61,0.341
642,643,FWRD,0.23696682464454977,2.52,0.11689999999999999
648,649,GAIN,0.9009009009009008,490.44,0.06559999999999999
649,650,GASS,5.0,99.41,0.16510000000000002
650,651,GATX,0.591715976331361,3.39,0.1408
652,653,GBNY,1.6129032258064517,27.61,0.1396
653,654,GBT,0.05920663114268798,2.2,0.1398
654,655,GCBC,0.37037037037037035,443.91,0.7254
656,657,GCO,0.8,771.23,0.0857
657,658,GCP,0.2840909090909091,2.34,0.4482
658,659,GD,0.30303030303030304,58.97,0.16620000000000001
660,661,GEF,0.5235602094240838,3.16,0.1736
661,662,GEO,1.2345679012345678,828.52,0.06
663,664,GERN,0.15772870662460567,694.54,0.44880000000000003
664,665,GFF,0.6329113924050632,1.55,0.23260000000000003
665,666,GFX,0.7633587786259541,426.2,0.0118
667,668,GIS,0.2347417840375587,44.28,0.22460000000000002
668,669,GL,0.6896551724137931,9.75,0.10890000000000001
670,671,GLNG,0.8547008547008548,2.35,1.0512000000000001
671,672,GLOP,2.0833333333333335,281.01,0.2162
672,673,GLP,0.4587155963302752,841.25,0.069
673,674,GLPI,0.24875621890547267,12.46,0.11449999999999999
675,676,GMS,0.5263157894736842,2.01,0.08439999999999999
676,677,GNAC,0.7633587786259541,283.04,0.005699999999999999
677,678,GNE,0.5076142131979695,244.18,0.6265
678,679,GNFT,0.17391304347826086,187.57,0.14529999999999998
679,680,GNK,1.1904761904761905,757.16,0.1739
681,682,GNTY,0.6622516556291391,420.37,0.0737
682,683,GNW,7.142857142857142,2.03,0.2432
683,684,GO,0.23529411764705882,4.3,0.2724
684,685,GOAC,0.7633587786259541,718.34,0.023
685,686,GOGL,0.8474576271186441,2.1,0.17629999999999998
687,688,GOSS,0.033366700033366704,922.03,0.6537999999999999
688,689,GPC,0.17857142857142858,19.81,0.1286
689,690,GPI,0.6622516556291391,2.86,0.0989
690,691,GPK,0.3021148036253776,6.41,0.22089999999999999
691,692,GPOR,0.02849814762040467,1.71,0.3251
692,693,GPP,0.007892659826361484,294.2,0.0894
693,694,GPRE,0.5208333333333334,1.64,0.0215
695,696,GRBK,0.7142857142857143,1.14,0.11320000000000001
697,698,GRF,1.2987012987012987,34.36,0.0316
698,699,GRIN,1.0526315789473684,318.46,0.7787999999999999
701,702,GRVI,0.3846153846153846,79.33,0.1084
702,703,GSAQ,0.7633587786259541,323.08,0.0204
703,704,GSBC,0.7352941176470588,760.34,0.22460000000000002
705,706,GSK,0.18518518518518517,101.27,0.0141
706,707,GSL,1.25,621.53,0.0781
707,708,GSM,0.46511627906976744,1.02,0.0984
709,710,GTE,0.9259259259259258,578.71,1.0092
710,711,GTLS,0.2898550724637681,5.74,0.0839
713,714,GWW,0.08741258741258742,23.75,0.0365
714,715,H,0.40322580645161293,8.57,0.1025
715,716,HAAC,0.9009009009009008,545.96,0.0034999999999999996
716,717,HAE,0.22727272727272727,3.27,0.0848
717,718,HAFC,0.8620689655172414,698.96,0.40869999999999995
718,719,HAL,0.26525198938992045,26.08,0.5217
719,720,HALO,0.03775009437523594,6.62,0.2095
721,722,HBNC,0.8695652173913044,753.14,0.1242
722,723,HBT,0.7299270072992701,505.81,0.0916
723,724,HCAR,0.7518796992481203,408.2,0.0207
724,725,HCC,0.6289308176100629,1.59,0.9451999999999999
725,726,HCCI,0.5263157894736842,671.11,0.0662
726,727,HCKT,0.23809523809523808,623.68,0.1514
729,730,HDSN,0.2849002849002849,347.84,1.5079
731,732,HEI,0.12422360248447203,16.69,0.0789
732,733,HERA,0.7575757575757576,1.07,0.0062
733,734,HES,0.19607843137254904,32.05,0.4133
734,735,HESM,0.2032520325203252,7.72,0.3135
737,738,HFBL,0.7462686567164178,73.23,0.7137
738,739,HFFG,0.9615384615384615,258.66,0.015
740,741,HFWA,0.8849557522123894,908.42,0.18359999999999999
742,743,HGTY,0.019065776930409912,3.68,0.18969999999999998
743,744,HGV,0.4366812227074236,4.63,0.0388
746,747,HIFS,0.53475935828877,642.8,0.053899999999999997
747,748,HIG,0.7352941176470588,20.43,0.0342
748,749,HIGA,0.7575757575757576,450.81,0.018500000000000003
749,750,HII,0.3401360544217687,8.27,0.0605
750,751,HIII,0.7751937984496123,735.75,0.0040999999999999995
751,752,HLAH,0.8695652173913044,319.18,0.0031
752,753,HLI,0.2801120448179272,5.15,0.0019
753,754,HLIT,0.2824858757062147,984.7,0.2584
754,755,HLLY,0.25125628140703515,1.31,0.21539999999999998
756,757,HMNF,1.0101010101010102,102.92,0.0983
757,758,HNNA,1.075268817204301,78.06,0.1506
758,759,HNRG,0.8620689655172414,193.62,1.1386
759,760,HOLI,1.2987012987012987,950.48,0.026699999999999998
760,761,HOLX,0.27027027027027023,17.28,0.0017000000000000001
761,762,HOMB,0.7407407407407407,4.41,0.0166
762,763,HONE,0.9433962264150942,727.56,0.0533
763,764,HOPE,1.1764705882352942,1.68,0.145
764,765,HP,0.6097560975609756,4.43,0.532
765,766,HPE,1.1363636363636365,17.55,0.008
766,767,HPK,0.30303030303030304,2.48,1.4165999999999999
768,769,HRB,0.007356727727506804,5.97,0.6307
769,770,HRMY,0.06920415224913495,3.07,0.9
770,771,HROW,0.05125576627370579,183.97,0.0098
771,772,HSBC,1.5625,125.62,0.1784
772,773,HSIC,0.33557046979865773,10.57,0.0562
773,774,HSON,0.4484304932735426,92.09,0.7576
774,775,HST,0.5319148936170213,12.05,0.1124
775,776,HSY,0.09216589861751152,44.65,0.20440000000000003
776,777,HT,1.3513513513513513,395.3,0.2094
777,778,HTA,0.4807692307692307,6.54,0.051100000000000007
778,779,HTBK,0.8849557522123894,664.34,0.0349
779,780,HTPA,0.7575757575757576,371.06,0.0175
780,781,HUBB,0.21321961620469082,10.15,0.022799999999999997
781,782,HUBG,0.5813953488372093,2.48,0.156
782,783,HUDI,0.19920318725099603,252.01,3.0945
783,784,HUGS,0.7352941176470588,349.92,0.008199999999999999
784,785,HUM,0.24390243902439027,60.73,0.0746
785,786,HUN,0.6802721088435374,6.21,0.1954
786,787,HURN,0.4273504273504274,1.37,0.44420000000000004
787,788,HUSA,0.22675736961451246,42.72,1.565
788,789,HWBK,0.7518796992481203,175.44,0.16690000000000002
789,790,HWC,0.8695652173913044,3.79,0.1346
790,791,HWKN,0.4115226337448559,728.14,0.1594
791,792,HWM,0.23529411764705882,14.29,0.1309
792,793,HXL,0.3115264797507788,4.7,0.061799999999999994
793,794,HZON,0.7575757575757576,651.71,0.0206
795,796,IBCP,0.8403361344537815,405.2,0.0152
796,797,IBN,0.3215434083601286,68.03,0.1416
797,798,IBOC,0.819672131147541,2.55,0.07730000000000001
798,799,IBTX,0.8547008547008548,2.86,0.0392
799,800,ICFI,0.46511627906976744,1.71,0.021099999999999997
800,801,ICL,0.42016806722689076,12.11,0.43450000000000005
801,802,IDA,0.5,5.36,0.030600000000000002
808,809,IFS,0.8333333333333334,2.77,0.0774
809,810,IGAC,0.7518796992481203,372.38,0.0195
812,813,IGT,0.33783783783783783,3.62,0.0058
815,816,III,0.28328611898017,337.11,0.2747
816,817,IIIN,0.42372881355932207,756.33,0.2849
817,818,IMAX,0.3278688524590164,1.01,0.08800000000000001
818,819,IMCR,0.09541984732824427,1.99,0.2766
819,820,IMGO,0.3436426116838488,565.3,0.0701
820,821,IMKTA,0.641025641025641,1.74,0.5548
822,823,IMO,0.7407407407407407,36.96,0.7142000000000001
823,824,IMPX,0.7142857142857143,496.52,0.0227
824,825,IMXI,0.17699115044247787,861.88,0.45130000000000003
825,826,INBK,0.970873786407767,368.98,0.3223
828,829,INCY,0.2145922746781116,17.93,0.049
829,830,INDB,0.7751937984496123,3.7,0.16940000000000002
830,831,INDO,0.15174506828528073,53.47,0.35729999999999995
832,833,INGR,0.5681818181818182,5.73,0.0092
833,834,INSP,0.040832993058391186,5.45,0.1365
834,835,INSW,1.0638297872340425,1.07,0.5092
836,837,INVA,0.37735849056603776,1.04,0.10679999999999999
837,838,IONS,0.12755102040816327,5.26,0.10460000000000001
838,839,IOSP,0.4444444444444444,2.36,0.1366
839,840,IPAR,0.24449877750611249,2.34,0.1109
840,841,IPI,1.2658227848101264,547.25,0.43810000000000004
841,842,IRDM,0.2331002331002331,4.95,0.0461
842,843,IRM,0.056211354693648116,13.45,0.0861
843,844,IRMD,0.13351134846461948,454.57,0.12279999999999999
844,845,IRT,0.7575757575757576,4.58,0.0998
845,846,IRTC,0.057803468208092484,4.06,1.7519
846,847,ISEE,0.23923444976076558,1.34,0.2278
847,848,ISIG,0.1996007984031936,16.21,0.1252
848,849,ISLE,0.78125,261.11,0.0173
849,850,ISTR,1.0,234.02,0.0022
850,851,ITCI,0.15313935681470137,5.34,0.5746
851,852,ITOS,0.6711409395973155,913.22,0.094
853,854,IVT,0.8620689655172414,1.8,0.6262
857,858,J,0.36496350364963503,16.37,0.0009
858,859,JAKK,0.38167938931297707,135.47,0.473
859,860,JBHT,0.17793594306049823,18.06,0.0926
860,861,JBL,0.3058103975535168,7.37,0.0246
861,862,JCIC,0.7692307692307692,424.4,0.0167
867,868,JKHY,0.09380863039399624,13.87,0.14150000000000001
868,869,JKS,0.7299270072992701,3.18,0.1514
870,871,JNJ,0.16556291390728478,445.32,0.0288
871,872,JNPR,0.45454545454545453,9.27,0.0966
873,874,JOB,1.5384615384615383,68.8,0.1104
874,875,JWSM,0.7633587786259541,1.28,0.008199999999999999
875,876,K,0.15503875968992248,24.45,0.11019999999999999
876,877,KAHC,0.7633587786259541,1.69,0.009300000000000001
877,878,KAI,0.267379679144385,2.18,0.1425
878,879,KAIR,0.7692307692307692,341.21,0.0222
879,880,KAR,0.7633587786259541,1.91,0.0381
880,881,KBR,0.2237136465324385,6.91,0.30870000000000003
883,884,KDNY,0.3968253968253968,1.15,0.3134
884,885,KDP,0.4926108374384237,51.41,0.0253
885,886,KE,0.9009009009009008,480.4,0.0278
886,887,KELYA,1.5625,787.52,0.0183
887,888,KEN,1.0638297872340425,2.29,0.7154
888,889,KEQU,0.6756756756756757,51.19,0.6136
889,890,KEX,0.7874015748031495,3.6,0.0973
890,891,KFFB,0.8130081300813008,65.02,0.1047
891,892,KFRC,0.1564945226917058,1.34,0.059500000000000004
894,895,KIM,0.7633587786259541,12.57,0.0736
895,896,KINZ,0.7692307692307692,346.09,0.014199999999999999
896,897,KLAC,0.07867820613690008,50.44,0.1741
898,899,KMI,0.78125,38.83,0.0076
899,900,KNSL,0.1288659793814433,5.08,0.3638
901,902,KNX,0.7874015748031495,8.2,0.06849999999999999
902,903,KO,0.09182736455463728,269.68,0.122
903,904,KOF,0.47619047619047616,11.29,0.06269999999999999
904,905,KOS,0.20161290322580647,2.59,1.5885
905,906,KR,0.27548209366391185,33.67,0.1517
908,909,KRNL,0.7633587786259541,374.52,0.0092
909,910,KRO,0.45454545454545453,2.01,0.2978
910,911,KRP,0.6134969325153374,1.06,0.3985
911,912,KRTX,0.11428571428571428,3.88,0.17010000000000003
912,913,KRUS,0.11918951132300357,757.38,0.5526
913,914,KRYS,0.3003003003003003,1.85,0.1918
915,916,KW,0.5434782608695652,2.61,0.0258
916,917,KWAC,0.7462686567164178,148.22,0.0302
917,918,KYN,1.0416666666666667,1.08,0.1291
918,919,KZR,0.3731343283582089,609.03,0.9469
919,920,L,1.1627906976744187,14.0,0.1153
921,922,LAC,0.37735849056603776,3.97,0.731
922,923,LADR,1.0869565217391304,1.39,0.0381
923,924,LAND,0.7518796992481203,809.61,0.0365
925,926,LAUR,0.49751243781094534,1.97,0.4484
927,928,LBC,1.0204081632653061,645.14,0.0562
928,929,LBRT,0.5376344086021505,2.28,0.0904
929,930,LEGN,0.05473453749315818,8.03,0.1826
931,932,LFTR,0.7575757575757576,256.57,0.0175
932,933,LFUS,0.32573289902280134,5.96,0.0443
933,934,LGAC,0.7633587786259541,705.11,0.0060999999999999995
934,935,LGL,0.7575757575757576,73.33,0.3337
935,936,LGVN,0.25510204081632654,131.04,0.0438
936,937,LHC,0.7751937984496123,461.67,0.0134
937,938,LHX,0.4424778761061947,43.14,0.034
938,939,LI,0.17035775127768313,38.52,0.2217
939,940,LIN,0.29673590504451036,139.52,0.0038
940,941,LITE,0.3225806451612903,5.57,0.0366
941,942,LJAQ,0.7751937984496123,173.57,0.0277
943,944,LKFN,0.3472222222222222,1.71,0.20440000000000003
944,945,LKQ,0.3831417624521073,14.86,0.0863
945,946,LLY,0.031665611146295125,305.54,0.3932
946,947,LMAO,0.7407407407407407,132.91,0.029300000000000003
947,948,LMT,0.09551098376313276,104.39,0.049400000000000006
948,949,LNFA,0.7092198581560284,78.59,0.016
950,951,LNTH,0.10615711252653928,4.72,1.8041999999999998
951,952,LOPE,0.2222222222222222,2.88,0.0128
952,953,LPG,1.4285714285714286,632.19,0.8663
953,954,LPI,0.33003300330033003,1.28,0.3868
954,955,LPLA,0.1160092807424594,14.43,0.4658
955,956,LPX,0.31347962382445144,4.84,0.1664
956,957,LQDA,0.19569471624266144,338.86,1.1943000000000001
957,958,LRN,0.4329004329004329,1.78,0.2864
958,959,LSAK,0.8264462809917356,314.14,0.3795
959,960,LSCC,0.05470459518599562,7.44,0.1128
960,961,LSI,0.3597122302158274,9.6,0.030600000000000002
961,962,LSTR,0.1485884101040119,5.66,0.024900000000000002
962,963,LTC,0.4716981132075471,1.56,0.0274
963,964,LTHM,0.23980815347721823,3.9,0.2725
964,965,LTRX,0.4166666666666667,181.34,0.0812
967,968,LW,0.036153289949385395,10.84,0.0077
968,969,LWLG,0.022878059940517045,1.14,0.0294
969,970,LXU,0.46511627906976744,1.06,2.3843
970,971,LYB,0.4329004329004329,28.88,0.0139
972,973,M,0.6369426751592356,4.8,0.1273
974,975,MAIN,0.6172839506172839,3.05,0.0616
975,976,MANT,0.4329004329004329,3.93,0.12560000000000002
976,977,MAR,0.03577817531305903,48.51,0.1534
977,978,MARPS,0.07272727272727272,15.55,0.6776000000000001
978,979,MAT,0.2032520325203252,7.98,0.20170000000000002
979,980,MATX,0.5714285714285714,3.22,0.2762
980,981,MAYS,0.6172839506172839,86.86,1.175
983,984,MBWM,0.819672131147541,514.07,0.1489
984,985,MCB,0.7692307692307692,688.6,0.1736
985,986,MCBC,0.7874015748031495,305.06,0.11630000000000001
986,987,MCBS,0.5681818181818182,530.71,0.2214
989,990,MCRI,0.3968253968253968,1.13,0.0533
990,991,MEOH,0.6944444444444444,2.67,0.261
991,992,MERC,0.8,950.4,0.29969999999999997
992,993,MET,1.075268817204301,48.51,0.08839999999999999
993,994,METC,0.4926108374384237,503.93,1.0886
994,995,MGEE,0.37735849056603776,2.74,0.0054
995,996,MGIC,0.2777777777777778,935.42,0.1463
996,997,MGPI,0.29850746268656714,2.22,0.6823
997,998,MGRC,0.38910505836575876,1.86,0.0369
998,999,MGU,1.1764705882352942,292.04,0.038
999,1000,MGY,0.22624434389140272,4.71,0.6634
1000,1001,MGYR,1.2345679012345678,83.95,0.09849999999999999
1001,1002,MIC,0.8474576271186441,363.07,0.306
1002,1003,MIRM,0.15267175572519084,714.41,0.43729999999999997
1003,1004,MIST,0.35842293906810035,201.47,0.2652
1004,1005,MKL,0.7751937984496123,16.92,0.07769999999999999
1005,1006,MLAC,0.4329004329004329,84.35,0.027200000000000002
1006,1007,MLI,0.3952569169960475,3.45,0.5752
1010,1011,MMC,0.14184397163120568,75.94,0.1024
1011,1012,MMI,0.4424778761061947,1.45,0.1112
1013,1014,MMP,0.16835016835016833,10.51,0.1142
1014,1015,MMYT,0.28901734104046245,2.94,0.0691
1015,1016,MN,0.38167938931297707,242.13,0.5888
1016,1017,MNDT,0.26595744680851063,5.33,0.1341
1017,1018,MNRL,0.49751243781094534,1.46,0.42060000000000003
1018,1019,MNST,0.1347708894878706,51.3,0.0435
1019,1020,MNTK,0.121654501216545,1.5,0.6172
1020,1021,MOFG,1.0638297872340425,464.21,0.0999
1021,1022,MOG-A,0.5494505494505494,2.57,0.0662
1022,1023,MOH,0.1579778830963665,17.07,0.2191
1023,1024,MOS,0.6622516556291391,16.88,0.6697
1024,1025,MOV,0.5882352941176471,745.44,0.21739999999999998
1025,1026,MPB,1.1235955056179776,426.37,0.0362
1026,1027,MPC,0.48309178743961356,45.42,0.7265999999999999
1027,1028,MPLX,0.35842293906810035,30.33,0.1948
1028,1029,MPWR,0.06702412868632708,19.19,0.1195
1029,1030,MRC,0.3787878787878788,885.12,0.2804
1030,1031,MRK,0.17513134851138354,230.9,0.19870000000000002
1031,1032,MRO,0.6896551724137931,15.6,1.0252
1032,1033,MRTN,0.38759689922480617,1.64,0.36979999999999996
1033,1034,MRUS,0.2577319587628866,1.16,0.5085000000000001
1034,1035,MSBI,1.1494252873563218,541.12,0.024399999999999998
1036,1037,MTAC,0.7633587786259541,307.85,0.0128
1037,1038,MTB,0.7575757575757576,28.48,0.2554
1038,1039,MTDR,0.37453183520599254,5.61,0.6664
1039,1040,MTG,1.075268817204301,4.09,0.0297
1040,1041,MTNB,0.2747252747252747,172.21,0.096
1041,1042,MTOR,0.2638522427440633,2.58,0.6148
1042,1043,MTR,0.09285051067780874,26.6,1.3038999999999998
1043,1044,MTRN,0.47393364928909953,1.51,0.1096
1044,1045,MUFG,1.8181818181818181,71.36,0.0232
1045,1046,MUR,0.8403361344537815,4.6,0.6292
1046,1047,MUSA,0.11641443538998836,6.59,0.9603
1047,1048,MVO,0.060459492140266025,120.94,0.6718999999999999
1048,1049,MXC,0.3597122302158274,33.86,0.9126000000000001
1049,1050,MYE,0.27322404371584696,806.46,0.11560000000000001
1050,1051,MYFW,0.8333333333333334,262.39,0.1351
1051,1052,MYRG,0.35211267605633806,1.51,0.0213
1053,1054,NAAC,0.7692307692307692,467.28,0.018600000000000002
1055,1056,NAOV,0.2617801047120419,19.9,0.0377
1056,1057,NBHC,0.6802721088435374,1.16,0.16870000000000002
1057,1058,NBIX,0.15151515151515152,9.12,0.028399999999999998
1058,1059,NBN,0.8403361344537815,291.77,0.3078
1059,1060,NBR,0.5524861878453039,1.08,0.3865
1060,1061,NBTB,0.7142857142857143,1.63,0.1841
1061,1062,NC,1.2658227848101264,281.13,0.6705
1062,1063,NDAC,0.7633587786259541,431.66,0.0005
1064,1065,NE,0.8130081300813008,1.68,0.267
1065,1066,NECB,1.3513513513513513,198.0,0.16469999999999999
1066,1067,NEE,0.23148148148148145,157.86,0.0252
1068,1069,NEP,0.48309178743961356,6.29,0.042300000000000004
1070,1071,NEX,0.26666666666666666,2.18,1.4344999999999999
1072,1073,NFE,0.23809523809523808,8.63,0.34840000000000004
1073,1074,NFG,0.3058103975535168,6.05,0.3378
1074,1075,NGG,0.5813953488372093,48.03,0.045599999999999995
1075,1076,NGS,1.7241379310344829,131.18,0.2029
1076,1077,NGVC,0.4081632653061224,367.3,0.5289
1077,1078,NI,0.48780487804878053,11.54,0.1418
1078,1079,NIC,0.8130081300813008,986.69,0.0949
1080,1081,NJR,0.42194092827004215,4.19,0.1618
1081,1082,NL,0.8547008547008548,427.75,0.45539999999999997
1083,1084,NLSN,0.39370078740157477,8.5,0.0362
1085,1086,NMM,2.6315789473684212,658.44,0.0655
1086,1087,NNI,0.8771929824561404,3.42,0.2645
1087,1088,NOAC,0.7751937984496123,284.91,0.011200000000000002
1088,1089,NOC,0.186219739292365,70.76,0.2884
1090,1091,NOV,0.8474576271186441,5.89,0.1405
1091,1092,NPTN,0.1811594202898551,840.08,0.8194
1092,1093,NR,1.4925373134328357,303.79,0.2186
1093,1094,NRAC,0.7751937984496123,296.67,0.0031
1094,1095,NREF,1.25,305.8,0.0951
1097,1098,NRIM,0.9090909090909091,235.3,0.0327
1098,1099,NRP,0.625,489.13,0.9181
1099,1100,NRT,0.0018461424852770137,145.6,1.4962
1100,1101,NRZ,1.25,4.57,0.0784
1101,1102,NSP,0.008742022904100009,3.89,0.1317
1102,1103,NSSC,0.11547344110854503,875.29,0.4861
1103,1104,NSYS,0.7633587786259541,35.95,0.3077
1104,1105,NTB,0.5847953216374269,1.64,0.0195
1105,1106,NTCT,0.8474576271186441,2.25,0.1776
1107,1108,NTR,0.7407407407407407,56.26,0.3641
1108,1109,NTUS,0.3831417624521073,1.14,0.3704
1109,1110,NUE,0.47846889952153115,30.64,0.302
1110,1111,NURO,0.9174311926605504,27.92,0.1748
1111,1112,NVEE,0.3484320557491289,1.87,0.3502
1112,1113,NVGS,1.36986301369863,806.68,0.1841
1113,1114,NVMI,0.1773049645390071,2.72,0.06
1114,1115,NVO,0.034013605442176874,193.12,0.31120000000000003
1115,1116,NVSA,0.7633587786259541,339.48,0.0165
1116,1117,NVST,0.6211180124223602,6.25,0.0005
1117,1118,NVT,0.47619047619047616,5.2,0.10490000000000001
1118,1119,NWG,1.4705882352941175,27.88,0.0746
1119,1120,NWN,0.591715976331361,1.81,0.0383
1120,1121,NWPX,0.970873786407767,286.57,0.0907
1121,1122,NX,0.5586592178770949,771.54,0.0288
1122,1123,NXDT,1.5625,576.8,0.20120000000000002
1123,1124,NXE,0.2188183807439825,2.5,0.1275
1124,1125,NXGN,0.3508771929824561,1.18,0.1322
1125,1126,NXRT,0.32573289902280134,1.56,0.0588
1126,1127,NXST,0.4048582995951417,6.85,0.2857
1127,1128,O,0.6134969325153374,41.04,0.053399999999999996
1128,1129,OBCI,0.3921568627450981,122.99,0.1124
1129,1130,OBE,1.25,830.53,2.0944
1130,1131,OBNK,0.7092198581560284,928.97,0.0216
1131,1132,OCFC,1.3157894736842106,1.13,0.0489
1132,1133,OCN,1.7857142857142856,283.08,0.32539999999999997
1133,1134,OCSL,1.075268817204301,1.22,0.025699999999999997
1134,1135,ODFL,0.11312217194570136,30.15,0.08199999999999999
1135,1136,OFG,0.7751937984496123,1.27,0.3493
1136,1137,OFS,1.36986301369863,139.56,0.1818
1137,1138,OGE,0.5405405405405405,7.82,0.18280000000000002
1139,1140,OGS,0.5524861878453039,4.37,0.1264
1142,1143,OKE,0.2293577981651376,25.67,0.1625
1143,1144,OLN,0.3676470588235294,7.43,0.19649999999999998
1144,1145,OMAB,0.15479876160990713,1.99,0.1177
1145,1146,ON,0.19646365422396858,24.62,0.6896
1147,1148,ONTO,0.3861003861003861,3.66,0.2047
1148,1149,OPA,0.7092198581560284,244.9,0.0177
1149,1150,OPBK,1.0204081632653061,161.03,0.12210000000000001
1150,1151,OPCH,0.2159827213822894,5.26,0.565
1152,1153,OPOF,0.9009009009009008,116.3,0.045899999999999996
1154,1155,ORA,0.41493775933609955,4.45,0.2211
1155,1156,ORI,0.9900990099009901,6.87,0.013300000000000001
1157,1158,ORRF,0.9433962264150942,266.28,0.10890000000000001
1158,1159,OSBC,0.7194244604316548,621.29,0.1956
1159,1160,OTIC,0.2881844380403458,118.06,0.25420000000000004
1160,1161,OTTR,0.37593984962406013,2.76,0.364
1161,1162,OVBC,0.970873786407767,141.64,0.26940000000000003
1162,1163,OVV,0.4,11.29,0.836
1163,1164,OXM,0.3448275862068966,1.42,0.0463
1164,1165,OXY,0.2577319587628866,57.39,1.531
1165,1166,PAA,1.0204081632653061,7.35,0.1234
1166,1167,PAC,0.1400560224089636,5.85,0.33020000000000005
1167,1168,PAG,0.47619047619047616,8.36,0.48109999999999997
1168,1169,PAGP,0.7246376811594204,2.08,0.0915
1169,1170,PAM,1.4084507042253522,2.66,0.37520000000000003
1170,1171,PANL,1.2987012987012987,205.5,0.08710000000000001
1171,1172,PANW,0.006639224538573895,49.26,0.3188
1172,1173,PAQC,0.7518796992481203,283.74,0.024900000000000002
1173,1174,PARR,0.13717421124828533,918.01,0.1359
1174,1175,PAYX,0.0764525993883792,42.32,0.0892
1175,1176,PB,1.0101010101010102,6.26,0.0377
1176,1177,PBA,0.5988023952095809,20.1,0.1977
1177,1178,PBF,0.5617977528089888,3.3,2.0032
1178,1179,PBFX,0.2597402597402597,1.03,0.2612
1179,1180,PBH,0.53475935828877,2.89,0.1274
1180,1181,PBHC,0.9523809523809523,88.82,0.2987
1183,1184,PBR,1.0526315789473684,71.83,0.19760000000000003
1184,1185,PBR-A,5.2631578947368425,60.11,0.1284
1185,1186,PBT,0.0005724098454493417,825.28,2.7569999999999997
1186,1187,PCB,0.9259259259259258,275.49,0.18719999999999998
1187,1188,PCG,1.0101010101010102,25.56,0.1607
1189,1190,PCSB,1.0204081632653061,288.17,0.0362
1190,1191,PCVX,0.2544529262086514,1.41,0.0747
1191,1192,PDCE,0.47393364928909953,5.88,0.7012999999999999
1192,1193,PDCO,0.3484320557491289,2.93,0.0271
1193,1194,PDFS,0.24449877750611249,822.92,0.2994
1194,1195,PDS,1.1111111111111112,782.39,0.9137000000000001
1195,1196,PEBK,0.8403361344537815,153.16,0.09910000000000001
1196,1197,PECO,0.5555555555555556,3.9,0.2667
1197,1198,PEG,0.4484304932735426,30.06,0.0037
1198,1199,PEO,0.9345794392523364,474.95,0.41490000000000005
1199,1200,PEP,0.07892659826361484,234.51,0.0915
1200,1201,PERI,0.5882352941176471,853.69,0.0684
1202,1203,PFBC,0.5681818181818182,1.01,0.22010000000000002
1203,1204,PFC,1.0,908.22,0.0088
1204,1205,PFE,0.2857142857142857,286.23,0.27949999999999997
1205,1206,PFG,0.7194244604316548,15.74,0.0789
1206,1207,PFGC,0.41493775933609955,7.57,0.1566
1207,1208,PFHD,0.8130081300813008,280.36,0.1333
1208,1209,PFIE,0.7462686567164178,59.4,0.16820000000000002
1209,1210,PFIS,0.8547008547008548,365.93,0.2353
1211,1212,PFS,0.9174311926605504,1.72,0.10310000000000001
1212,1213,PG,0.12903225806451613,346.07,0.0256
1213,1214,PGC,0.9523809523809523,530.06,0.005699999999999999
1214,1215,PGR,0.2531645569620253,63.37,0.2014
1215,1216,PHI,0.3448275862068966,6.4,0.1553
1216,1217,PHUN,0.3861003861003861,140.22,0.3084
1217,1218,PHVS,0.25252525252525254,768.67,0.5315
1218,1219,PHX,0.7936507936507936,109.19,0.06509999999999999
1221,1222,PINC,0.5050505050505051,4.36,0.0576
1222,1223,PIPP,0.9433962264150942,270.37,0.0143
1223,1224,PIPR,0.6369426751592356,1.89,0.013500000000000002
1225,1226,PKBK,0.9523809523809523,247.75,0.1168
1226,1227,PKG,0.29411764705882354,12.92,0.0461
1227,1228,PLAB,0.6666666666666666,1.25,0.6225999999999999
1228,1229,PLAY,0.20876826722338204,1.67,0.0557
1230,1231,PLUS,0.4716981132075471,1.39,0.2207
1231,1232,PLYA,0.6097560975609756,1.1,0.0213
1232,1233,PME,0.9259259259259258,78.12,0.20559999999999998
1234,1235,PMVC,0.7633587786259541,217.63,0.0163
1235,1236,PNBK,1.2987012987012987,48.51,0.5236
1236,1237,PNRG,0.6896551724137931,160.48,0.7809999999999999
1237,1238,PNT,0.31446540880503143,769.47,0.0132
1238,1239,PNTM,0.7633587786259541,848.65,0.0175
1239,1240,POLY,0.011793843613633682,1.74,0.1885
1240,1241,POR,0.6060606060606061,4.4,0.0579
1241,1242,POST,0.6666666666666666,5.13,0.2425
1242,1243,POW,0.7633587786259541,308.44,0.008100000000000001
1243,1244,PPC,0.37037037037037035,7.41,0.5054
1245,1246,PPIH,0.7633587786259541,72.63,0.2914
1246,1247,PRA,1.0526315789473684,1.21,0.0788
1247,1248,PRAA,0.8403361344537815,1.51,0.0258
1248,1249,PRDO,0.78125,841.79,0.10980000000000001
1249,1250,PRFT,0.10604453870625663,3.24,0.1568
1250,1251,PRGS,0.1890359168241966,1.92,0.0268
1251,1252,PRK,0.53475935828877,1.96,0.1335
1252,1253,PRPH,0.3058103975535168,213.23,1.5659
1253,1254,PRSR,0.78125,399.51,0.0168
1254,1255,PRT,0.7874015748031495,100.74,0.377
1255,1256,PSA,0.09652509652509653,54.3,0.0252
1256,1257,PSB,0.19801980198019803,5.18,0.3078
1258,1259,PSN,0.45454545454545453,4.19,0.049
1261,1262,PSTG,0.09259259259259259,7.78,0.4567
1262,1263,PSX,0.5681818181818182,39.54,0.21059999999999998
1264,1265,PTEN,0.5154639175257733,3.06,0.8123
1266,1267,PTMN,1.2195121951219512,235.23,0.0658
1267,1268,PTNR,0.3802281368821293,1.43,0.7763
1268,1269,PTR,2.2222222222222223,137.56,0.1104
1269,1270,PTSI,0.3389830508474576,667.45,1.0965
1270,1271,PUCK,0.7874015748031495,324.19,0.0176
1272,1273,PUMP,0.8695652173913044,961.89,0.3015
1274,1275,PUYI,0.08539709649871904,489.65,0.498
1275,1276,PV,0.7142857142857143,529.17,0.0139
1277,1278,PVL,0.591715976331361,105.26,0.9759
1278,1279,PWR,0.27322404371584696,18.85,0.5345
1280,1281,PX,0.2801120448179272,1.34,0.1259
1281,1282,PXD,0.45454545454545453,51.14,0.6735
1285,1286,PXS,1.4925373134328357,30.13,0.025
1289,1290,QCOM,0.08038585209003216,162.23,0.061799999999999994
1290,1291,QCRH,0.7692307692307692,947.6,0.2177
1291,1292,QFTA,0.7575757575757576,248.98,0.023799999999999998
1293,1294,QLYS,0.08576329331046312,4.83,0.2828
1294,1295,QUIK,0.10718113612004287,93.71,0.3661
1295,1296,R,0.6896551724137931,3.76,0.0894
1296,1297,RAM,0.7299270072992701,182.4,0.038900000000000004
1298,1299,RAVE,0.29069767441860467,23.58,0.0635
1299,1300,RBA,0.1610305958132045,7.5,0.1821
1300,1301,RBAC,0.6993006993006994,717.26,0.0225
1301,1302,RBCAA,0.9433962264150942,970.85,0.0874
1302,1303,RBCN,0.7751937984496123,38.73,0.6067
1303,1304,RCG,1.1904761904761905,13.48,0.048600000000000004
1304,1305,RCHG,0.7633587786259541,251.45,0.0152
1305,1306,RCM,0.05614823133071309,9.11,0.17350000000000002
1306,1307,RCMT,0.15432098765432098,191.77,3.7681
1307,1308,RDCM,0.41841004184100417,172.16,0.11320000000000001
1309,1310,RE,0.9090909090909091,10.65,0.1407
1310,1311,REG,0.5747126436781609,10.5,0.0087
1311,1312,REGN,0.31347962382445144,64.51,0.0179
1312,1313,REI,1.1764705882352942,273.81,0.0562
1314,1315,RELL,0.6944444444444444,216.94,1.1214
1315,1316,RELX,0.07102272727272728,52.88,0.0029
1316,1317,RENN,0.2079002079002079,721.52,1.7256
1317,1318,REPX,0.45454545454545453,488.95,0.2757
1318,1319,RES,0.4587155963302752,1.42,0.6625
1320,1321,REX,0.7692307692307692,541.82,0.2408
1321,1322,REXR,0.5,10.06,0.0441
1322,1323,RF,0.8130081300813008,17.8,0.1047
1324,1325,RFP,1.1235955056179776,2.44,0.8808
1325,1326,RGA,1.1627906976744187,7.81,0.1127
1327,1328,RGP,0.53475935828877,667.4,0.5217
1332,1333,RJF,0.4424778761061947,19.66,0.1334
1335,1336,RLGT,0.49751243781094534,363.6,0.183
1336,1337,RLI,0.2232142857142857,5.11,0.1058
1338,1339,RMBS,0.31347962382445144,2.47,0.0227
1339,1340,RNGR,1.36986301369863,234.6,0.19649999999999998
1340,1341,ROCC,0.4385964912280702,1.45,0.9721
1341,1342,ROG,0.2237136465324385,4.99,0.39049999999999996
1342,1343,ROL,0.0617283950617284,17.72,0.0069
1343,1344,ROLL,0.38759689922480617,5.95,0.1052
1344,1345,RPRX,0.3048780487804878,26.06,0.09609999999999999
1346,1347,RRBI,0.6802721088435374,368.56,0.068
1347,1348,RRC,0.2298850574712644,7.53,0.9702
1348,1349,RS,0.5847953216374269,11.07,0.2475
1349,1350,RSG,0.22026431718061673,40.52,0.1333
1350,1351,RTLR,0.6993006993006994,489.57,0.33159999999999995
1352,1353,RTX,0.5208333333333334,137.77,0.1576
1353,1354,RUSHA,0.5524861878453039,2.77,0.1387
1354,1355,RVSB,1.0101010101010102,157.89,0.0263
1358,1359,RXDX,0.1724137931034483,1.18,0.43200000000000005
1360,1361,RYI,0.7692307692307692,894.53,0.7358
1363,1364,SAFM,0.5102040816326531,4.65,0.15539999999999998
1364,1365,SAFT,0.6329113924050632,1.36,0.223
1365,1366,SAIA,0.2336448598130841,5.5,0.0837
1366,1367,SAIC,0.31545741324921134,5.14,0.0774
1367,1368,SAIL,0.06476683937823835,5.94,0.3368
1368,1369,SALM,2.7777777777777777,61.57,0.1618
1369,1370,SAMG,0.5102040816326531,243.82,0.1957
1370,1371,SANM,0.6756756756756757,2.57,0.195
1371,1372,SB,1.6129032258064517,419.92,0.1325
1373,1374,SBCF,0.6578947368421053,1.99,0.0978
1374,1375,SBEV,0.13568521031207598,105.52,0.0824
1375,1376,SBLK,0.8,2.46,0.4518
1376,1377,SBOW,0.4132231404958678,523.06,0.7318000000000001
1377,1378,SBR,0.013747594171020073,898.7,0.6992
1378,1379,SBS,0.8928571428571428,5.26,0.16690000000000002
1379,1380,SBSI,0.6451612903225806,1.19,0.0705
1380,1381,SBT,1.1494252873563218,299.39,0.35090000000000005
1381,1382,SCHL,0.9615384615384615,1.19,0.0579
1382,1383,SCI,0.16129032258064516,11.07,0.26289999999999997
